"Nounce","Received","MarketName","Source","OrderType","Quantity","Rate","TimeStamp","Type"
337645,"2017-09-04T19:59:44Z","BTC-OMG","bittrex","SELL",39.6354961,0.00212866,"2017-09-04T19:59:41.74",
337645,"2017-09-04T19:59:44Z","BTC-OMG","bittrex","SELL",8.32708867,0.00212866,"2017-09-04T19:59:41.74",
279146,"2017-09-04T19:59:44Z","BTC-QTUM","bittrex","SELL",54.95761325,0.00272282,"2017-09-04T19:59:41.583",
279146,"2017-09-04T19:59:44Z","BTC-QTUM","bittrex","BUY",56.13503676,0.002768,"2017-09-04T19:59:41.507",
279146,"2017-09-04T19:59:44Z","BTC-QTUM","bittrex","BUY",15.88714391,0.002768,"2017-09-04T19:59:41.507",
265043,"2017-09-04T19:59:44Z","USDT-BTC","bittrex","BUY",0.90718566,4222,"2017-09-04T19:59:42.257",
265043,"2017-09-04T19:59:44Z","USDT-BTC","bittrex","BUY",0.46988234,4221,"2017-09-04T19:59:42.257",
335509,"2017-09-04T19:59:44Z","BTC-NEO","bittrex","BUY",10.08136693,0.00557442,"2017-09-04T19:59:40.057",
117457,"2017-09-04T19:59:45Z","BTC-ANT","bittrex","SELL",23.71140293,0.00050578,"2017-09-04T19:59:43.417",
258380,"2017-09-04T19:59:45Z","BTC-ADX","bittrex","SELL",4.21349506,0.00016309,"2017-09-04T19:59:42.77",
258507,"2017-09-04T19:59:45Z","BTC-WAVES","bittrex","SELL",140,0.0010877,"2017-09-04T19:59:43.227",
186930,"2017-09-04T19:59:45Z","ETH-NEO","bittrex","BUY",0.44669689,0.07849999,"2017-09-04T19:59:42.973",
186930,"2017-09-04T19:59:45Z","ETH-NEO","bittrex","BUY",65,0.078,"2017-09-04T19:59:42.367",
353201,"2017-09-04T19:59:45Z","BTC-LTC","bittrex","SELL",2.27490718,0.01620105,"2017-09-04T19:59:43.773",
353201,"2017-09-04T19:59:45Z","BTC-LTC","bittrex","BUY",1,0.016252,"2017-09-04T19:59:43.633",
133614,"2017-09-04T19:59:45Z","BTC-GBYTE","bittrex","SELL",0.00674396,0.08200021,"2017-09-04T19:59:43.257",
292257,"2017-09-04T19:59:45Z","BTC-MCO","bittrex","BUY",51.54039978,0.00225298,"2017-09-04T19:59:42.32",
292257,"2017-09-04T19:59:45Z","BTC-MCO","bittrex","BUY",32.21274986,0.00225295,"2017-09-04T19:59:42.32",
292257,"2017-09-04T19:59:45Z","BTC-MCO","bittrex","BUY",0.34933551,0.00224796,"2017-09-04T19:59:42.32",
292257,"2017-09-04T19:59:45Z","BTC-MCO","bittrex","BUY",0.31238328,0.00224796,"2017-09-04T19:59:42.32",
335510,"2017-09-04T19:59:45Z","BTC-NEO","bittrex","BUY",3,0.00557442,"2017-09-04T19:59:41.917",
109719,"2017-09-04T19:59:45Z","BTC-GUP","bittrex","SELL",14.85728093,0.00004667,"2017-09-04T19:59:44.523",
54309,"2017-09-04T19:59:45Z","BTC-SAFEX","bittrex","SELL",539.30278978,0.0000024,"2017-09-04T19:59:43.85",
184876,"2017-09-04T19:59:45Z","BTC-BAT","bittrex","SELL",13.08855615,0.0000477,"2017-09-04T19:59:44.23",
82715,"2017-09-04T19:59:45Z","BTC-RDD","bittrex","SELL",2498.46686581,2.7e-7,"2017-09-04T19:59:44.463",
282132,"2017-09-04T19:59:45Z","BTC-RISE","bittrex","BUY",100,0.0000855,"2017-09-04T19:59:44.133",
173699,"2017-09-04T19:59:45Z","BTC-BLOCK","bittrex","SELL",0.10176453,0.00556699,"2017-09-04T19:59:42.213",
256891,"2017-09-04T19:59:45Z","BTC-CVC","bittrex","SELL",5.56173526,0.0000899,"2017-09-04T19:59:43.223",
55691,"2017-09-04T19:59:45Z","BTC-CANN","bittrex","SELL",122.93176075,0.000007,"2017-09-04T19:59:41.883",
279148,"2017-09-04T19:59:45Z","BTC-QTUM","bittrex","BUY",1.16358658,0.00276337,"2017-09-04T19:59:43.803",
335511,"2017-09-04T19:59:45Z","BTC-NEO","bittrex","SELL",0.19893471,0.005571,"2017-09-04T19:59:42.23",
62552,"2017-09-04T19:59:46Z","BTC-PKB","bittrex","SELL",7.52370702,0.00009183,"2017-09-04T19:59:44.353",
214988,"2017-09-04T19:59:46Z","BTC-STORJ","bittrex","SELL",4.7301791,0.00015017,"2017-09-04T19:59:44.067",
173246,"2017-09-04T19:59:47Z","BTC-SNT","bittrex","BUY",8978.81808148,0.00000775,"2017-09-04T19:59:44.77",
173246,"2017-09-04T19:59:47Z","BTC-SNT","bittrex","SELL",732.58664731,0.00000776,"2017-09-04T19:59:44.35",
173246,"2017-09-04T19:59:47Z","BTC-SNT","bittrex","SELL",67.41335269,0.00000776,"2017-09-04T19:59:44.13",
168115,"2017-09-04T19:59:47Z","BTC-XEL","bittrex","SELL",4.8486337,0.00011096,"2017-09-04T19:59:44.113",
34553,"2017-09-04T19:59:47Z","BTC-DGB","bittrex","BUY",1935.79336473,0.00000438,"2017-09-04T19:59:45.12",
353203,"2017-09-04T19:59:47Z","BTC-LTC","bittrex","SELL",100,0.01620105,"2017-09-04T19:59:44.883",
287701,"2017-09-04T19:59:47Z","USDT-ETH","bittrex","SELL",8.60403479,301.5,"2017-09-04T19:59:45.04",
201931,"2017-09-04T19:59:47Z","ETH-SNT","bittrex","SELL",2624.42447219,0.00011001,"2017-09-04T19:59:44.943",
201931,"2017-09-04T19:59:47Z","ETH-SNT","bittrex","SELL",6354.39360929,0.00011002,"2017-09-04T19:59:44.943",
170571,"2017-09-04T19:59:47Z","BTC-ZEN","bittrex","SELL",0.42297542,0.00193383,"2017-09-04T19:59:44.947",
335512,"2017-09-04T19:59:47Z","BTC-NEO","bittrex","SELL",87.51021572,0.00557002,"2017-09-04T19:59:43.713",
335512,"2017-09-04T19:59:47Z","BTC-NEO","bittrex","SELL",5.62185101,0.005571,"2017-09-04T19:59:43.713",
335512,"2017-09-04T19:59:47Z","BTC-NEO","bittrex","SELL",3.86772835,0.005571,"2017-09-04T19:59:43.713",
279149,"2017-09-04T19:59:47Z","BTC-QTUM","bittrex","BUY",1.5,0.002768,"2017-09-04T19:59:44.927",
363014,"2017-09-04T19:59:47Z","BTC-ETH","bittrex","SELL",0.22972154,0.07110114,"2017-09-04T19:59:45.743",
363014,"2017-09-04T19:59:47Z","BTC-ETH","bittrex","SELL",0.98445163,0.07110114,"2017-09-04T19:59:45.557",
237556,"2017-09-04T19:59:48Z","ETH-OMG","bittrex","BUY",66.94630872,0.0298,"2017-09-04T19:59:45.583",
160660,"2017-09-04T19:59:48Z","BTC-MONA","bittrex","SELL",119.87879872,0.00011911,"2017-09-04T19:59:45.177",
192637,"2017-09-04T19:59:48Z","ETH-QTUM","bittrex","SELL",0.33641342,0.03917218,"2017-09-04T19:59:45.863",
192637,"2017-09-04T19:59:48Z","ETH-QTUM","bittrex","SELL",1.16358658,0.03917218,"2017-09-04T19:59:45.193",
170572,"2017-09-04T19:59:48Z","BTC-ZEN","bittrex","SELL",3.87833407,0.00193383,"2017-09-04T19:59:46.01",
258508,"2017-09-04T19:59:48Z","BTC-WAVES","bittrex","SELL",41.31340332,0.0010877,"2017-09-04T19:59:46.197",
258508,"2017-09-04T19:59:48Z","BTC-WAVES","bittrex","SELL",12.68574121,0.0010877,"2017-09-04T19:59:46.197",
258508,"2017-09-04T19:59:48Z","BTC-WAVES","bittrex","SELL",36.24679496,0.0010877,"2017-09-04T19:59:46.197",
258508,"2017-09-04T19:59:48Z","BTC-WAVES","bittrex","SELL",100,0.0010877,"2017-09-04T19:59:46.197",
258508,"2017-09-04T19:59:48Z","BTC-WAVES","bittrex","SELL",5.86926542,0.0010877,"2017-09-04T19:59:46.197",
258508,"2017-09-04T19:59:48Z","BTC-WAVES","bittrex","SELL",8.28666078,0.0010877,"2017-09-04T19:59:46.197",
258037,"2017-09-04T19:59:48Z","USDT-LTC","bittrex","BUY",4.907213,69,"2017-09-04T19:59:45.317",
287190,"2017-09-04T19:59:48Z","BTC-PAY","bittrex","BUY",65.36955332,0.00069286,"2017-09-04T19:59:45.41",
287190,"2017-09-04T19:59:48Z","BTC-PAY","bittrex","BUY",20.54458866,0.00069286,"2017-09-04T19:59:45.41",
335513,"2017-09-04T19:59:48Z","BTC-NEO","bittrex","BUY",5.36283595,0.00557442,"2017-09-04T19:59:44.917",
335513,"2017-09-04T19:59:48Z","BTC-NEO","bittrex","SELL",116.98442025,0.00557001,"2017-09-04T19:59:44.65",
335513,"2017-09-04T19:59:48Z","BTC-NEO","bittrex","BUY",20.00309188,0.00557442,"2017-09-04T19:59:44.37",
239820,"2017-09-04T19:59:48Z","BTC-GNT","bittrex","BUY",268.39768599,0.0000743,"2017-09-04T19:59:45.363",
112189,"2017-09-04T19:59:49Z","BTC-BURST","bittrex","BUY",500,0.0000026,"2017-09-04T19:59:47.24",
112189,"2017-09-04T19:59:49Z","BTC-BURST","bittrex","BUY",1000,0.0000026,"2017-09-04T19:59:47.24",
112189,"2017-09-04T19:59:49Z","BTC-BURST","bittrex","BUY",233,0.0000026,"2017-09-04T19:59:47.24",
112189,"2017-09-04T19:59:49Z","BTC-BURST","bittrex","BUY",10966.66755379,0.0000026,"2017-09-04T19:59:47.24",
112189,"2017-09-04T19:59:49Z","BTC-BURST","bittrex","BUY",76.17868479,0.00000259,"2017-09-04T19:59:47.24",
247058,"2017-09-04T19:59:49Z","BTC-ARK","bittrex","SELL",40,0.000524,"2017-09-04T19:59:46.94",
247058,"2017-09-04T19:59:49Z","BTC-ARK","bittrex","SELL",300,0.000524,"2017-09-04T19:59:46.94",
247058,"2017-09-04T19:59:49Z","BTC-ARK","bittrex","SELL",122.17313718,0.000524,"2017-09-04T19:59:46.94",
353205,"2017-09-04T19:59:49Z","BTC-LTC","bittrex","BUY",16.462903,0.01625,"2017-09-04T19:59:48.01",
353205,"2017-09-04T19:59:49Z","BTC-LTC","bittrex","BUY",0.44434,0.01625,"2017-09-04T19:59:47.587",
282135,"2017-09-04T19:59:49Z","BTC-RISE","bittrex","BUY",4623.7561066,0.0000855,"2017-09-04T19:59:47.12",
173702,"2017-09-04T19:59:49Z","BTC-BLOCK","bittrex","BUY",0.12942417,0.00556749,"2017-09-04T19:59:45.633",
292261,"2017-09-04T19:59:49Z","BTC-MCO","bittrex","SELL",45.40281743,0.00225298,"2017-09-04T19:59:46.753",
265048,"2017-09-04T19:59:49Z","USDT-BTC","bittrex","BUY",0.00590656,4222,"2017-09-04T19:59:46.253",
363016,"2017-09-04T19:59:49Z","BTC-ETH","bittrex","BUY",0.25829936,0.07130037,"2017-09-04T19:59:47.93",
239821,"2017-09-04T19:59:49Z","BTC-GNT","bittrex","BUY",0.0005,0.0000743,"2017-09-04T19:59:46.52",
129314,"2017-09-04T19:59:50Z","BTC-SWIFT","bittrex","BUY",42.48489,0.00028499,"2017-09-04T19:59:47.24",
242853,"2017-09-04T19:59:50Z","BTC-SYS","bittrex","BUY",2000,0.00004711,"2017-09-04T19:59:46.713",
117458,"2017-09-04T19:59:50Z","BTC-ANT","bittrex","SELL",21.4336844,0.00050578,"2017-09-04T19:59:49.12",
217219,"2017-09-04T19:59:50Z","BTC-TRIG","bittrex","BUY",20,0.00018491,"2017-09-04T19:59:48.023",
126042,"2017-09-04T19:59:50Z","BTC-ARDR","bittrex","SELL",185.58210856,0.00002815,"2017-09-04T19:59:46.43",
129733,"2017-09-04T19:59:50Z","BTC-SNGLS","bittrex","SELL",419.2290899,0.00002512,"2017-09-04T19:59:45.947",
129733,"2017-09-04T19:59:50Z","BTC-SNGLS","bittrex","SELL",317.60012985,0.00002512,"2017-09-04T19:59:45.947",
337650,"2017-09-04T19:59:50Z","BTC-OMG","bittrex","BUY",34.29186227,0.00212874,"2017-09-04T19:59:48.207",
337650,"2017-09-04T19:59:50Z","BTC-OMG","bittrex","BUY",176.94046916,0.00212866,"2017-09-04T19:59:48.207",
229536,"2017-09-04T19:59:50Z","BTC-GAME","bittrex","SELL",18.10907785,0.000408,"2017-09-04T19:59:48.587",
353206,"2017-09-04T19:59:50Z","BTC-LTC","bittrex","BUY",8.035273,0.01625,"2017-09-04T19:59:49.26",
353206,"2017-09-04T19:59:50Z","BTC-LTC","bittrex","BUY",6.881133,0.01625,"2017-09-04T19:59:49.243",
353206,"2017-09-04T19:59:50Z","BTC-LTC","bittrex","BUY",19.665438,0.01625,"2017-09-04T19:59:49.243",
353206,"2017-09-04T19:59:50Z","BTC-LTC","bittrex","BUY",5.04305,0.01625,"2017-09-04T19:59:49.23",
353206,"2017-09-04T19:59:50Z","BTC-LTC","bittrex","BUY",17.326471,0.01625,"2017-09-04T19:59:49.23",
353206,"2017-09-04T19:59:50Z","BTC-LTC","bittrex","BUY",0.459811,0.01625,"2017-09-04T19:59:49.01",
258510,"2017-09-04T19:59:50Z","BTC-WAVES","bittrex","SELL",2,0.0010877,"2017-09-04T19:59:49.087",
285227,"2017-09-04T19:59:50Z","BTC-REP","bittrex","BUY",0.48977728,0.00509029,"2017-09-04T19:59:46.853",
258039,"2017-09-04T19:59:50Z","USDT-LTC","bittrex","BUY",0.79134578,69,"2017-09-04T19:59:47.583",
322237,"2017-09-04T19:59:50Z","BTC-XRP","bittrex","BUY",500,0.0000484,"2017-09-04T19:59:47.18",
292262,"2017-09-04T19:59:50Z","BTC-MCO","bittrex","SELL",1.10964145,0.00225298,"2017-09-04T19:59:48.083",
239822,"2017-09-04T19:59:50Z","BTC-GNT","bittrex","BUY",1342.53645828,0.0000743,"2017-09-04T19:59:48.113",
363017,"2017-09-04T19:59:50Z","BTC-ETH","bittrex","BUY",0.14162545,0.07130037,"2017-09-04T19:59:48.993",
363017,"2017-09-04T19:59:50Z","BTC-ETH","bittrex","SELL",1,0.07110114,"2017-09-04T19:59:48.87",
363017,"2017-09-04T19:59:50Z","BTC-ETH","bittrex","SELL",0.10206183,0.07110114,"2017-09-04T19:59:48.87",
335515,"2017-09-04T19:59:50Z","BTC-NEO","bittrex","BUY",0.21786056,0.00557442,"2017-09-04T19:59:47.12",
335515,"2017-09-04T19:59:50Z","BTC-NEO","bittrex","BUY",4.65382086,0.00557442,"2017-09-04T19:59:46.463",
335515,"2017-09-04T19:59:50Z","BTC-NEO","bittrex","BUY",1.69821893,0.005571,"2017-09-04T19:59:46.463",
335515,"2017-09-04T19:59:50Z","BTC-NEO","bittrex","BUY",1.30539721,0.005571,"2017-09-04T19:59:46.34",
121285,"2017-09-04T19:59:51Z","BTC-SC","bittrex","SELL",70000,0.00000168,"2017-09-04T19:59:49.133",
151717,"2017-09-04T19:59:51Z","BTC-OK","bittrex","BUY",4512.90253758,0.00003537,"2017-09-04T19:59:49.01",
151717,"2017-09-04T19:59:51Z","BTC-OK","bittrex","BUY",1000.01909516,0.00003535,"2017-09-04T19:59:49.01",
162001,"2017-09-04T19:59:51Z","BTC-KORE","bittrex","BUY",12.89978891,0.00071876,"2017-09-04T19:59:47.307",
244066,"2017-09-04T19:59:51Z","BTC-BTS","bittrex","BUY",315,0.0000285,"2017-09-04T19:59:47.213",
247060,"2017-09-04T19:59:51Z","BTC-ARK","bittrex","BUY",37.72686282,0.000524,"2017-09-04T19:59:48.66",
182871,"2017-09-04T19:59:51Z","BTC-XVG","bittrex","BUY",61938.81955078,0.00000128,"2017-09-04T19:59:48.677",
182871,"2017-09-04T19:59:51Z","BTC-XVG","bittrex","SELL",6222.92672161,0.00000127,"2017-09-04T19:59:39.943",
182871,"2017-09-04T19:59:51Z","BTC-XVG","bittrex","SELL",3777.07327839,0.00000127,"2017-09-04T19:59:39.943",
353207,"2017-09-04T19:59:51Z","BTC-LTC","bittrex","BUY",3.027696,0.01625,"2017-09-04T19:59:49.743",
286367,"2017-09-04T19:59:51Z","BTC-LSK","bittrex","BUY",6.12432412,0.001415,"2017-09-04T19:59:49.43",
265050,"2017-09-04T19:59:51Z","USDT-BTC","bittrex","SELL",0.01537172,4218,"2017-09-04T19:59:49.05",
265050,"2017-09-04T19:59:51Z","USDT-BTC","bittrex","SELL",0.01985524,4218,"2017-09-04T19:59:49.05",
265050,"2017-09-04T19:59:51Z","USDT-BTC","bittrex","SELL",0.05540876,4218,"2017-09-04T19:59:49.05",
265050,"2017-09-04T19:59:51Z","USDT-BTC","bittrex","SELL",0.00281454,4218.00000001,"2017-09-04T19:59:49.05",
265050,"2017-09-04T19:59:51Z","USDT-BTC","bittrex","SELL",1.664,4218.00000003,"2017-09-04T19:59:49.05",
265050,"2017-09-04T19:59:51Z","USDT-BTC","bittrex","SELL",0.01614461,4218.00000004,"2017-09-04T19:59:49.05",
120995,"2017-09-04T19:59:52Z","BTC-FUN","bittrex","SELL",18748,0.00000553,"2017-09-04T19:59:49.427",
120995,"2017-09-04T19:59:52Z","BTC-FUN","bittrex","SELL",1803.79746835,0.00000553,"2017-09-04T19:59:49.427",
120995,"2017-09-04T19:59:52Z","BTC-FUN","bittrex","SELL",134.43123598,0.00000554,"2017-09-04T19:59:49.427",
154870,"2017-09-04T19:59:52Z","BTC-BLITZ","bittrex","BUY",2,0.00035004,"2017-09-04T19:59:48.79",
256894,"2017-09-04T19:59:52Z","BTC-CVC","bittrex","BUY",19.85686036,0.00009,"2017-09-04T19:59:49.223",
256894,"2017-09-04T19:59:52Z","BTC-CVC","bittrex","BUY",123.25375604,0.00009,"2017-09-04T19:59:49.223",
256894,"2017-09-04T19:59:52Z","BTC-CVC","bittrex","BUY",2.53258527,0.0000899,"2017-09-04T19:59:49.223",
287194,"2017-09-04T19:59:52Z","BTC-PAY","bittrex","BUY",20.06015046,0.00069288,"2017-09-04T19:59:49.427",
286368,"2017-09-04T19:59:52Z","BTC-LSK","bittrex","BUY",3.01592544,0.001415,"2017-09-04T19:59:50.057",
335517,"2017-09-04T19:59:52Z","BTC-NEO","bittrex","BUY",1,0.005571,"2017-09-04T19:59:48.59",
335517,"2017-09-04T19:59:52Z","BTC-NEO","bittrex","BUY",5,0.00557442,"2017-09-04T19:59:48.243",
335517,"2017-09-04T19:59:52Z","BTC-NEO","bittrex","BUY",12.84315253,0.00557442,"2017-09-04T19:59:48.12",
335517,"2017-09-04T19:59:52Z","BTC-NEO","bittrex","SELL",100.60948651,0.00556001,"2017-09-04T19:59:48.01",
335517,"2017-09-04T19:59:52Z","BTC-NEO","bittrex","SELL",2.69383005,0.00556828,"2017-09-04T19:59:48.01",
335517,"2017-09-04T19:59:52Z","BTC-NEO","bittrex","SELL",30,0.00557,"2017-09-04T19:59:48.01",
335517,"2017-09-04T19:59:52Z","BTC-NEO","bittrex","SELL",17.90843806,0.00557,"2017-09-04T19:59:48.01",
335517,"2017-09-04T19:59:52Z","BTC-NEO","bittrex","SELL",1.5664902,0.00557,"2017-09-04T19:59:48.01",
335517,"2017-09-04T19:59:52Z","BTC-NEO","bittrex","SELL",1.79167118,0.00557,"2017-09-04T19:59:48.01",
335517,"2017-09-04T19:59:52Z","BTC-NEO","bittrex","SELL",12.42983235,0.00557001,"2017-09-04T19:59:48.01",
335517,"2017-09-04T19:59:52Z","BTC-NEO","bittrex","SELL",50.19354935,0.00557001,"2017-09-04T19:59:48.01",
335517,"2017-09-04T19:59:52Z","BTC-NEO","bittrex","SELL",8,0.00557001,"2017-09-04T19:59:48.01",
335517,"2017-09-04T19:59:52Z","BTC-NEO","bittrex","SELL",146.01449953,0.00557001,"2017-09-04T19:59:48.01",
353683,"2017-09-04T19:59:52Z","BTC-BCC","bittrex","BUY",0.01608431,0.12400038,"2017-09-04T19:59:49.567",
346447,"2017-09-04T19:59:53Z","BTC-XMR","bittrex","BUY",1,0.02546,"2017-09-04T19:59:49.37",
178981,"2017-09-04T19:59:53Z","BTC-VRC","bittrex","SELL",26.59998246,0.00009285,"2017-09-04T19:59:51.13",
95804,"2017-09-04T19:59:53Z","BTC-SYNX","bittrex","BUY",448.86070507,0.00003489,"2017-09-04T19:59:49.84",
192641,"2017-09-04T19:59:53Z","ETH-QTUM","bittrex","SELL",1e-8,0.0391523,"2017-09-04T19:59:51.253",
353209,"2017-09-04T19:59:53Z","BTC-LTC","bittrex","SELL",3.69068678,0.01620109,"2017-09-04T19:59:51.93",
192263,"2017-09-04T19:59:53Z","USDT-NEO","bittrex","BUY",0.00015766,23.436,"2017-09-04T19:59:51.587",
287195,"2017-09-04T19:59:53Z","BTC-PAY","bittrex","SELL",11.665567,0.0006924,"2017-09-04T19:59:50.91",
287195,"2017-09-04T19:59:53Z","BTC-PAY","bittrex","SELL",109.40027684,0.00069286,"2017-09-04T19:59:50.91",
287195,"2017-09-04T19:59:53Z","BTC-PAY","bittrex","BUY",91.61408955,0.0006932,"2017-09-04T19:59:50.643",
287195,"2017-09-04T19:59:53Z","BTC-PAY","bittrex","BUY",1.73047031,0.00069318,"2017-09-04T19:59:50.643",
287195,"2017-09-04T19:59:53Z","BTC-PAY","bittrex","BUY",1.72874157,0.00069298,"2017-09-04T19:59:50.643",
287195,"2017-09-04T19:59:53Z","BTC-PAY","bittrex","BUY",5.39965728,0.00069288,"2017-09-04T19:59:50.643",
363020,"2017-09-04T19:59:53Z","BTC-ETH","bittrex","SELL",1.15835461,0.07130037,"2017-09-04T19:59:51.807",
363020,"2017-09-04T19:59:53Z","BTC-ETH","bittrex","SELL",1.84564812,0.07130037,"2017-09-04T19:59:51.79",
363020,"2017-09-04T19:59:53Z","BTC-ETH","bittrex","SELL",3.97977374,0.07130037,"2017-09-04T19:59:51.79",
363020,"2017-09-04T19:59:53Z","BTC-ETH","bittrex","SELL",1.58054988,0.07130037,"2017-09-04T19:59:51.603",
239825,"2017-09-04T19:59:53Z","BTC-GNT","bittrex","BUY",0.0005,0.0000743,"2017-09-04T19:59:51.113",
265052,"2017-09-04T19:59:53Z","USDT-BTC","bittrex","BUY",0.205021,4218,"2017-09-04T19:59:51.283",
79120,"2017-09-04T19:59:54Z","BTC-INCNT","bittrex","SELL",25.61033199,0.0000426,"2017-09-04T19:59:52.207",
164721,"2017-09-04T19:59:54Z","BTC-1ST","bittrex","BUY",92.48001043,0.00009979,"2017-09-04T19:59:52.76",
164721,"2017-09-04T19:59:54Z","BTC-1ST","bittrex","BUY",122.71326567,0.00009963,"2017-09-04T19:59:52.76",
164721,"2017-09-04T19:59:54Z","BTC-1ST","bittrex","BUY",77.26221231,0.00009962,"2017-09-04T19:59:52.76",
164721,"2017-09-04T19:59:54Z","BTC-1ST","bittrex","BUY",541.50303557,0.00009956,"2017-09-04T19:59:52.76",
164721,"2017-09-04T19:59:54Z","BTC-1ST","bittrex","BUY",56.39004803,0.00009956,"2017-09-04T19:59:52.76",
267760,"2017-09-04T19:59:54Z","ETH-1ST","bittrex","BUY",750.41045619,0.00137832,"2017-09-04T19:59:52.93",
267760,"2017-09-04T19:59:54Z","ETH-1ST","bittrex","BUY",265.78949538,0.00137832,"2017-09-04T19:59:52.93",
267760,"2017-09-04T19:59:54Z","ETH-1ST","bittrex","BUY",2.8470821,0.00137831,"2017-09-04T19:59:52.93",
267760,"2017-09-04T19:59:54Z","ETH-1ST","bittrex","BUY",821.01350748,0.00137831,"2017-09-04T19:59:52.93",
267760,"2017-09-04T19:59:54Z","ETH-1ST","bittrex","BUY",314.97041095,0.00137831,"2017-09-04T19:59:52.93",
363021,"2017-09-04T19:59:54Z","BTC-ETH","bittrex","SELL",0.0054624,0.07110114,"2017-09-04T19:59:53.18",
363021,"2017-09-04T19:59:54Z","BTC-ETH","bittrex","SELL",4.51155632,0.07130037,"2017-09-04T19:59:53.18",
363021,"2017-09-04T19:59:54Z","BTC-ETH","bittrex","SELL",0.6954414,0.07130037,"2017-09-04T19:59:52.353",
258043,"2017-09-04T19:59:54Z","USDT-LTC","bittrex","BUY",3.191576,69,"2017-09-04T19:59:51.643",
265053,"2017-09-04T19:59:54Z","USDT-BTC","bittrex","BUY",1.76879483,4218,"2017-09-04T19:59:52.3",
265053,"2017-09-04T19:59:54Z","USDT-BTC","bittrex","BUY",0.00120517,4218,"2017-09-04T19:59:52.3",
335519,"2017-09-04T19:59:54Z","BTC-NEO","bittrex","BUY",29.80200377,0.005571,"2017-09-04T19:59:50.54",
335519,"2017-09-04T19:59:54Z","BTC-NEO","bittrex","BUY",0.03633156,0.005571,"2017-09-04T19:59:50.54",
335519,"2017-09-04T19:59:54Z","BTC-NEO","bittrex","BUY",0.71719711,0.00557001,"2017-09-04T19:59:50.54",
237560,"2017-09-04T19:59:58Z","ETH-OMG","bittrex","BUY",9.517721,0.0298,"2017-09-04T19:59:53.69",
310257,"2017-09-04T19:59:58Z","BTC-STRAT","bittrex","BUY",158.9791738,0.00135854,"2017-09-04T19:59:54.683",
178931,"2017-09-04T19:59:58Z","BTC-STEEM","bittrex","BUY",2.88093845,0.00027798,"2017-09-04T19:59:54.76",
282139,"2017-09-04T19:59:58Z","BTC-RISE","bittrex","BUY",1824.90946531,0.00008583,"2017-09-04T19:59:55.79",
282139,"2017-09-04T19:59:58Z","BTC-RISE","bittrex","BUY",254.70150821,0.00008583,"2017-09-04T19:59:54.48",
282139,"2017-09-04T19:59:58Z","BTC-RISE","bittrex","SELL",1215.57796907,0.00008504,"2017-09-04T19:59:53.43",
282139,"2017-09-04T19:59:58Z","BTC-RISE","bittrex","SELL",6238.03551007,0.0000855,"2017-09-04T19:59:53.43",
287196,"2017-09-04T19:59:58Z","BTC-PAY","bittrex","BUY",25,0.0006932,"2017-09-04T19:59:54.923",
337655,"2017-09-04T19:59:58Z","BTC-OMG","bittrex","SELL",46.86046621,0.00212866,"2017-09-04T19:59:53.893",
337655,"2017-09-04T19:59:58Z","BTC-OMG","bittrex","SELL",9.37209324,0.00212866,"2017-09-04T19:59:53.893",
219657,"2017-09-04T19:59:58Z","BTC-NXT","bittrex","SELL",22957,0.00002115,"2017-09-04T19:59:54.54",
353211,"2017-09-04T19:59:58Z","BTC-LTC","bittrex","SELL",59.59993432,0.01620109,"2017-09-04T19:59:54.667",
286371,"2017-09-04T19:59:58Z","BTC-LSK","bittrex","SELL",33,0.00140888,"2017-09-04T19:59:54.743",
363022,"2017-09-04T19:59:58Z","BTC-ETH","bittrex","BUY",0.92035833,0.0713004,"2017-09-04T19:59:55.197",
363022,"2017-09-04T19:59:58Z","BTC-ETH","bittrex","BUY",1.19343749,0.0713004,"2017-09-04T19:59:54.213",
363022,"2017-09-04T19:59:58Z","BTC-ETH","bittrex","BUY",0.15958263,0.07130037,"2017-09-04T19:59:54.197",
363022,"2017-09-04T19:59:58Z","BTC-ETH","bittrex","BUY",0.17175659,0.07130037,"2017-09-04T19:59:53.65",
34555,"2017-09-04T19:59:58Z","BTC-DGB","bittrex","BUY",650.97203555,0.00000437,"2017-09-04T19:59:56.167",
34555,"2017-09-04T19:59:58Z","BTC-DGB","bittrex","SELL",120,0.00000437,"2017-09-04T19:59:54.277",
34555,"2017-09-04T19:59:58Z","BTC-DGB","bittrex","SELL",47865.45521739,0.00000437,"2017-09-04T19:59:54.277",
34555,"2017-09-04T19:59:58Z","BTC-DGB","bittrex","SELL",1074.88043478,0.00000437,"2017-09-04T19:59:54.277",
34555,"2017-09-04T19:59:58Z","BTC-DGB","bittrex","SELL",2024.2971288,0.00000437,"2017-09-04T19:59:54.277",
34555,"2017-09-04T19:59:58Z","BTC-DGB","bittrex","BUY",967.90408391,0.00000438,"2017-09-04T19:59:53.79",
353078,"2017-09-04T19:59:58Z","BTC-DASH","bittrex","SELL",0.10968204,0.07419123,"2017-09-04T19:59:52.713",
121396,"2017-09-04T19:59:58Z","BTC-CFI","bittrex","SELL",2746.15389749,0.00003782,"2017-09-04T19:59:54.313",
184879,"2017-09-04T19:59:58Z","BTC-BAT","bittrex","BUY",57.75808209,0.000048,"2017-09-04T19:59:56.26",
117459,"2017-09-04T19:59:58Z","BTC-ANT","bittrex","SELL",5.783867,0.00050578,"2017-09-04T19:59:55.323",
164722,"2017-09-04T19:59:58Z","BTC-1ST","bittrex","SELL",2189.84859262,0.0000999,"2017-09-04T19:59:54.027",
164722,"2017-09-04T19:59:58Z","BTC-1ST","bittrex","SELL",123.33579383,0.0000999,"2017-09-04T19:59:53.65",
164722,"2017-09-04T19:59:58Z","BTC-1ST","bittrex","SELL",1135.98391843,0.0000999,"2017-09-04T19:59:53.307",
164722,"2017-09-04T19:59:58Z","BTC-1ST","bittrex","SELL",1019.04703367,0.0000999,"2017-09-04T19:59:53.18",
258044,"2017-09-04T19:59:58Z","USDT-LTC","bittrex","BUY",11.714424,69,"2017-09-04T19:59:55.58",
265054,"2017-09-04T19:59:58Z","USDT-BTC","bittrex","BUY",1.77,4218,"2017-09-04T19:59:55.05",
265054,"2017-09-04T19:59:58Z","USDT-BTC","bittrex","BUY",1.77,4218,"2017-09-04T19:59:54.033",
265054,"2017-09-04T19:59:58Z","USDT-BTC","bittrex","BUY",1.77,4218,"2017-09-04T19:59:53.33",
201939,"2017-09-04T19:59:58Z","ETH-SNT","bittrex","SELL",27577.02566589,0.00011001,"2017-09-04T19:59:52.893",
201939,"2017-09-04T19:59:58Z","ETH-SNT","bittrex","SELL",3019.17515024,0.00011002,"2017-09-04T19:59:52.69",
267761,"2017-09-04T19:59:58Z","ETH-1ST","bittrex","SELL",454.37586263,0.00137831,"2017-09-04T19:59:56.777",
267761,"2017-09-04T19:59:58Z","ETH-1ST","bittrex","SELL",217.65153988,0.00137835,"2017-09-04T19:59:56.76",
267761,"2017-09-04T19:59:58Z","ETH-1ST","bittrex","SELL",120.48871173,0.00137901,"2017-09-04T19:59:56.76",
267761,"2017-09-04T19:59:58Z","ETH-1ST","bittrex","SELL",217.53001914,0.00137912,"2017-09-04T19:59:56.76",
267761,"2017-09-04T19:59:58Z","ETH-1ST","bittrex","SELL",212.80384745,0.00140974,"2017-09-04T19:59:56.76",
267761,"2017-09-04T19:59:58Z","ETH-1ST","bittrex","BUY",22.65826912,0.00140991,"2017-09-04T19:59:53.883",
267761,"2017-09-04T19:59:58Z","ETH-1ST","bittrex","BUY",100,0.00137947,"2017-09-04T19:59:53.883",
267761,"2017-09-04T19:59:58Z","ETH-1ST","bittrex","BUY",279.71293311,0.00137908,"2017-09-04T19:59:53.807",
267761,"2017-09-04T19:59:58Z","ETH-1ST","bittrex","BUY",2.8470821,0.00137832,"2017-09-04T19:59:53.79",
182874,"2017-09-04T19:59:58Z","BTC-XVG","bittrex","BUY",6770.62338723,0.00000128,"2017-09-04T19:59:55.893",
182874,"2017-09-04T19:59:58Z","BTC-XVG","bittrex","SELL",1285.91908936,0.00000127,"2017-09-04T19:59:55.3",
130881,"2017-09-04T19:59:58Z","BTC-XCP","bittrex","SELL",27.17415887,0.00263877,"2017-09-04T19:59:54.447",
130881,"2017-09-04T19:59:58Z","BTC-XCP","bittrex","SELL",0.56844451,0.00263878,"2017-09-04T19:59:54.447",
242856,"2017-09-04T19:59:58Z","BTC-SYS","bittrex","BUY",40.60864,0.00004711,"2017-09-04T19:59:55.277",
173252,"2017-09-04T19:59:58Z","BTC-SNT","bittrex","SELL",5630,0.00000777,"2017-09-04T19:59:56.44",
173252,"2017-09-04T19:59:58Z","BTC-SNT","bittrex","BUY",1708.25123108,0.00000786,"2017-09-04T19:59:53.127",
173252,"2017-09-04T19:59:58Z","BTC-SNT","bittrex","BUY",5868.77443481,0.00000785,"2017-09-04T19:59:53.127",
173252,"2017-09-04T19:59:58Z","BTC-SNT","bittrex","BUY",20000,0.00000777,"2017-09-04T19:59:53.127",
279156,"2017-09-04T19:59:58Z","BTC-QTUM","bittrex","BUY",40,0.002768,"2017-09-04T19:59:55.923",
335520,"2017-09-04T19:59:58Z","BTC-NEO","bittrex","BUY",6.025,0.00556828,"2017-09-04T19:59:55.37",
335520,"2017-09-04T19:59:58Z","BTC-NEO","bittrex","BUY",71,0.00556828,"2017-09-04T19:59:54.853",
335520,"2017-09-04T19:59:58Z","BTC-NEO","bittrex","BUY",20.015119,0.00556828,"2017-09-04T19:59:53.713",
335520,"2017-09-04T19:59:58Z","BTC-NEO","bittrex","SELL",0.35145234,0.00555999,"2017-09-04T19:59:52.777",
335520,"2017-09-04T19:59:58Z","BTC-NEO","bittrex","SELL",5,0.00556,"2017-09-04T19:59:52.777",
335520,"2017-09-04T19:59:58Z","BTC-NEO","bittrex","SELL",17.2373431,0.00556001,"2017-09-04T19:59:52.777",
335520,"2017-09-04T19:59:58Z","BTC-NEO","bittrex","SELL",7.41120456,0.00556001,"2017-09-04T19:59:52.777",
335520,"2017-09-04T19:59:58Z","BTC-NEO","bittrex","BUY",6.65245041,0.00556828,"2017-09-04T19:59:51.603",
239827,"2017-09-04T19:59:58Z","BTC-GNT","bittrex","BUY",0.0005,0.0000743,"2017-09-04T19:59:55.47",
239827,"2017-09-04T19:59:58Z","BTC-GNT","bittrex","SELL",631.22209095,0.00007395,"2017-09-04T19:59:53.767",
239827,"2017-09-04T19:59:58Z","BTC-GNT","bittrex","SELL",10.77790905,0.00007422,"2017-09-04T19:59:53.767",
258388,"2017-09-04T19:59:58Z","BTC-ADX","bittrex","SELL",200,0.00016309,"2017-09-04T19:59:52.69",
337656,"2017-09-04T19:59:59Z","BTC-OMG","bittrex","BUY",20,0.00212866,"2017-09-04T19:59:56.58",
310802,"2017-09-04T19:59:59Z","ETH-GNO","bittrex","SELL",0.02163795,0.4621508,"2017-09-04T19:59:56.79",
310802,"2017-09-04T19:59:59Z","ETH-GNO","bittrex","SELL",0.06144401,0.4621508,"2017-09-04T19:59:54.133",
265055,"2017-09-04T20:00:01Z","USDT-BTC","bittrex","SELL",0.31345215,4218,"2017-09-04T19:59:59.11",
265055,"2017-09-04T20:00:01Z","USDT-BTC","bittrex","SELL",0.34184072,4218,"2017-09-04T19:59:58.797",
265055,"2017-09-04T20:00:01Z","USDT-BTC","bittrex","BUY",0.34124014,4218,"2017-09-04T19:59:56.813",
265055,"2017-09-04T20:00:01Z","USDT-BTC","bittrex","BUY",2.18179259,4218,"2017-09-04T19:59:56.813",
59739,"2017-09-04T20:00:01Z","BTC-XAUR","bittrex","BUY",2583.67354797,0.00003888,"2017-09-04T19:59:57.29",
133621,"2017-09-04T20:00:01Z","BTC-GBYTE","bittrex","BUY",3.25398823,0.083,"2017-09-04T19:59:54.707",
133621,"2017-09-04T20:00:01Z","BTC-GBYTE","bittrex","BUY",1,0.08299844,"2017-09-04T19:59:54.707",
133621,"2017-09-04T20:00:01Z","BTC-GBYTE","bittrex","BUY",1,0.08299833,"2017-09-04T19:59:54.707",
133621,"2017-09-04T20:00:01Z","BTC-GBYTE","bittrex","BUY",1,0.08299824,"2017-09-04T19:59:54.707",
133621,"2017-09-04T20:00:01Z","BTC-GBYTE","bittrex","BUY",1.0263,0.0829969,"2017-09-04T19:59:54.707",
133621,"2017-09-04T20:00:01Z","BTC-GBYTE","bittrex","BUY",0.01932947,0.08299663,"2017-09-04T19:59:54.707",
133621,"2017-09-04T20:00:01Z","BTC-GBYTE","bittrex","BUY",1.78365701,0.08299655,"2017-09-04T19:59:54.707",
133621,"2017-09-04T20:00:01Z","BTC-GBYTE","bittrex","BUY",0.00674396,0.08299654,"2017-09-04T19:59:54.707",
133621,"2017-09-04T20:00:01Z","BTC-GBYTE","bittrex","BUY",0.02569132,0.08262007,"2017-09-04T19:59:54.707",
182875,"2017-09-04T20:00:01Z","BTC-XVG","bittrex","SELL",4170.4969535,0.00000127,"2017-09-04T19:59:58.283",
182875,"2017-09-04T20:00:01Z","BTC-XVG","bittrex","SELL",1908.84141264,0.00000127,"2017-09-04T19:59:57.58",
182875,"2017-09-04T20:00:01Z","BTC-XVG","bittrex","SELL",199500,0.00000127,"2017-09-04T19:59:57.58",
182875,"2017-09-04T20:00:01Z","BTC-XVG","bittrex","SELL",306664.45322446,0.00000127,"2017-09-04T19:59:57.58",
178932,"2017-09-04T20:00:01Z","BTC-STEEM","bittrex","BUY",13.668,0.000278,"2017-09-04T19:59:59.307",
178932,"2017-09-04T20:00:01Z","BTC-STEEM","bittrex","BUY",437.72902301,0.00027798,"2017-09-04T19:59:57.777",
282141,"2017-09-04T20:00:01Z","BTC-RISE","bittrex","SELL",46.56287097,0.00008583,"2017-09-04T19:59:57.993",
287198,"2017-09-04T20:00:01Z","BTC-PAY","bittrex","BUY",1155.56600289,0.00069501,"2017-09-04T19:59:59.203",
287198,"2017-09-04T20:00:01Z","BTC-PAY","bittrex","BUY",17.12793402,0.000695,"2017-09-04T19:59:59.203",
287198,"2017-09-04T20:00:01Z","BTC-PAY","bittrex","BUY",50,0.000695,"2017-09-04T19:59:59.203",
287198,"2017-09-04T20:00:01Z","BTC-PAY","bittrex","BUY",176.70304264,0.000695,"2017-09-04T19:59:59.203",
287198,"2017-09-04T20:00:01Z","BTC-PAY","bittrex","BUY",3.27566609,0.000695,"2017-09-04T19:59:59.203",
287198,"2017-09-04T20:00:01Z","BTC-PAY","bittrex","BUY",64.71003375,0.000695,"2017-09-04T19:59:59.203",
287198,"2017-09-04T20:00:01Z","BTC-PAY","bittrex","BUY",20,0.00069499,"2017-09-04T19:59:59.203",
287198,"2017-09-04T20:00:01Z","BTC-PAY","bittrex","BUY",10,0.00069498,"2017-09-04T19:59:59.203",
287198,"2017-09-04T20:00:01Z","BTC-PAY","bittrex","BUY",1.74610694,0.00069498,"2017-09-04T19:59:59.203",
287198,"2017-09-04T20:00:01Z","BTC-PAY","bittrex","BUY",10,0.00069478,"2017-09-04T19:59:59.203",
287198,"2017-09-04T20:00:01Z","BTC-PAY","bittrex","BUY",1.74436258,0.00069478,"2017-09-04T19:59:59.203",
287198,"2017-09-04T20:00:01Z","BTC-PAY","bittrex","BUY",10,0.00069458,"2017-09-04T19:59:59.203",
287198,"2017-09-04T20:00:01Z","BTC-PAY","bittrex","BUY",1.74261997,0.00069458,"2017-09-04T19:59:59.203",
287198,"2017-09-04T20:00:01Z","BTC-PAY","bittrex","BUY",10,0.00069438,"2017-09-04T19:59:59.203",
287198,"2017-09-04T20:00:01Z","BTC-PAY","bittrex","BUY",1.7408791,0.00069438,"2017-09-04T19:59:59.203",
287198,"2017-09-04T20:00:01Z","BTC-PAY","bittrex","BUY",10,0.00069418,"2017-09-04T19:59:59.203",
287198,"2017-09-04T20:00:01Z","BTC-PAY","bittrex","BUY",1.73913997,0.00069418,"2017-09-04T19:59:59.203",
287198,"2017-09-04T20:00:01Z","BTC-PAY","bittrex","BUY",10,0.00069407,"2017-09-04T19:59:59.203",
287198,"2017-09-04T20:00:01Z","BTC-PAY","bittrex","BUY",9.187,0.00069407,"2017-09-04T19:59:59.203",
287198,"2017-09-04T20:00:01Z","BTC-PAY","bittrex","BUY",10,0.00069398,"2017-09-04T19:59:59.203",
287198,"2017-09-04T20:00:01Z","BTC-PAY","bittrex","BUY",1.73740257,0.00069398,"2017-09-04T19:59:59.203",
287198,"2017-09-04T20:00:01Z","BTC-PAY","bittrex","BUY",10,0.00069378,"2017-09-04T19:59:59.203",
287198,"2017-09-04T20:00:01Z","BTC-PAY","bittrex","BUY",1.73566691,0.00069378,"2017-09-04T19:59:59.203",
287198,"2017-09-04T20:00:01Z","BTC-PAY","bittrex","BUY",10,0.00069358,"2017-09-04T19:59:59.203",
287198,"2017-09-04T20:00:01Z","BTC-PAY","bittrex","BUY",1.73393298,0.00069358,"2017-09-04T19:59:59.203",
287198,"2017-09-04T20:00:01Z","BTC-PAY","bittrex","BUY",10,0.00069338,"2017-09-04T19:59:59.203",
287198,"2017-09-04T20:00:01Z","BTC-PAY","bittrex","BUY",1.73220078,0.00069338,"2017-09-04T19:59:59.203",
287198,"2017-09-04T20:00:01Z","BTC-PAY","bittrex","BUY",15.18966227,0.0006932,"2017-09-04T19:59:59.203",
287198,"2017-09-04T20:00:01Z","BTC-PAY","bittrex","BUY",25.16492541,0.0006932,"2017-09-04T19:59:58.033",
287198,"2017-09-04T20:00:01Z","BTC-PAY","bittrex","SELL",14.5996689,0.00069288,"2017-09-04T19:59:57.55",
335521,"2017-09-04T20:00:01Z","BTC-NEO","bittrex","SELL",2.10663351,0.00556001,"2017-09-04T19:59:58.103",
335521,"2017-09-04T20:00:01Z","BTC-NEO","bittrex","SELL",1.8681207,0.00556001,"2017-09-04T19:59:57.917",
335521,"2017-09-04T20:00:01Z","BTC-NEO","bittrex","SELL",1.93223704,0.00555999,"2017-09-04T19:59:56.277",
335521,"2017-09-04T20:00:01Z","BTC-NEO","bittrex","SELL",2.08333686,0.00555999,"2017-09-04T19:59:56.277",
335521,"2017-09-04T20:00:01Z","BTC-NEO","bittrex","BUY",47.5,0.00556828,"2017-09-04T19:59:55.98",
335521,"2017-09-04T20:00:01Z","BTC-NEO","bittrex","BUY",0.56718873,0.00556828,"2017-09-04T19:59:55.65",
292267,"2017-09-04T20:00:01Z","BTC-MCO","bittrex","SELL",18.53110382,0.00225298,"2017-09-04T19:59:57.69",
286373,"2017-09-04T20:00:01Z","BTC-LSK","bittrex","BUY",1.67833387,0.00140888,"2017-09-04T19:59:58.073",
286373,"2017-09-04T20:00:01Z","BTC-LSK","bittrex","BUY",15.4166086,0.00140888,"2017-09-04T19:59:58.073",
363023,"2017-09-04T20:00:01Z","BTC-ETH","bittrex","SELL",2,0.07110114,"2017-09-04T19:59:58.62",
363023,"2017-09-04T20:00:01Z","BTC-ETH","bittrex","BUY",0.38671086,0.0713004,"2017-09-04T19:59:58.527",
117460,"2017-09-04T20:00:01Z","BTC-ANT","bittrex","BUY",44.4570736,0.0005058,"2017-09-04T19:59:57.883",
164724,"2017-09-04T20:00:01Z","BTC-1ST","bittrex","SELL",647.98540647,0.0000999,"2017-09-04T19:59:59.027",
164724,"2017-09-04T20:00:01Z","BTC-1ST","bittrex","SELL",279.7129331,0.0000999,"2017-09-04T19:59:58.447",
39417,"2017-09-04T20:00:02Z","BTC-2GIVE","bittrex","SELL",1391.14254672,0.00000118,"2017-09-04T19:59:58.963",
39417,"2017-09-04T20:00:02Z","BTC-2GIVE","bittrex","SELL",2113.34745763,0.00000118,"2017-09-04T19:59:58.963",
39417,"2017-09-04T20:00:02Z","BTC-2GIVE","bittrex","SELL",758.33050847,0.00000118,"2017-09-04T19:59:58.963",
128158,"2017-09-04T20:00:02Z","ETH-SNGLS","bittrex","BUY",733.83638536,0.0003496,"2017-09-04T20:00:00.447",
184881,"2017-09-04T20:00:02Z","BTC-BAT","bittrex","SELL",13.17513495,0.0000477,"2017-09-04T20:00:01.04",
192645,"2017-09-04T20:00:02Z","ETH-QTUM","bittrex","BUY",0.76394107,0.0391523,"2017-09-04T19:59:59.64",
244069,"2017-09-04T20:00:02Z","BTC-BTS","bittrex","SELL",2754.48305063,0.0000284,"2017-09-04T19:59:58.887",
244069,"2017-09-04T20:00:02Z","BTC-BTS","bittrex","SELL",400,0.00002845,"2017-09-04T19:59:58.887",
244069,"2017-09-04T20:00:02Z","BTC-BTS","bittrex","SELL",459.73014737,0.00002845,"2017-09-04T19:59:58.887",
207820,"2017-09-04T20:00:02Z","BTC-DCR","bittrex","BUY",0.89325384,0.00746957,"2017-09-04T20:00:00.39",
207820,"2017-09-04T20:00:02Z","BTC-DCR","bittrex","BUY",0.22910096,0.00746957,"2017-09-04T20:00:00.39",
129736,"2017-09-04T20:00:02Z","BTC-SNGLS","bittrex","SELL",98.42928914,0.00002512,"2017-09-04T19:59:58.73",
129736,"2017-09-04T20:00:02Z","BTC-SNGLS","bittrex","SELL",635.40709622,0.00002512,"2017-09-04T19:59:58.73",
178933,"2017-09-04T20:00:02Z","BTC-STEEM","bittrex","SELL",172.5914983,0.000278,"2017-09-04T20:00:00.79",
292268,"2017-09-04T20:00:02Z","BTC-MCO","bittrex","SELL",1.54329902,0.00225299,"2017-09-04T19:59:59.877",
112192,"2017-09-04T20:00:02Z","BTC-BURST","bittrex","BUY",15153.77741335,0.00000261,"2017-09-04T19:59:59.843",
112192,"2017-09-04T20:00:02Z","BTC-BURST","bittrex","BUY",194.55252918,0.00000261,"2017-09-04T19:59:59.843",
286374,"2017-09-04T20:00:02Z","BTC-LSK","bittrex","SELL",11.44876082,0.0014088,"2017-09-04T20:00:01.18",
363024,"2017-09-04T20:00:02Z","BTC-ETH","bittrex","BUY",0.25725002,0.0713004,"2017-09-04T20:00:00.73",
363024,"2017-09-04T20:00:02Z","BTC-ETH","bittrex","BUY",0.90856733,0.0713004,"2017-09-04T20:00:00.633",
363024,"2017-09-04T20:00:02Z","BTC-ETH","bittrex","SELL",0.17,0.07110114,"2017-09-04T20:00:00.383",
258390,"2017-09-04T20:00:02Z","BTC-ADX","bittrex","SELL",4.24783663,0.0001631,"2017-09-04T20:00:00.22",
62553,"2017-09-04T20:00:03Z","BTC-PKB","bittrex","SELL",7.17005042,0.00009183,"2017-09-04T20:00:01.87",
109723,"2017-09-04T20:00:03Z","BTC-GUP","bittrex","SELL",1.96166015,0.00004667,"2017-09-04T20:00:01.62",
55694,"2017-09-04T20:00:03Z","BTC-CANN","bittrex","SELL",123.52336604,0.000007,"2017-09-04T19:59:59.243",
54312,"2017-09-04T20:00:03Z","BTC-SAFEX","bittrex","SELL",480.65745408,0.0000024,"2017-09-04T20:00:01.25",
173707,"2017-09-04T20:00:03Z","BTC-BLOCK","bittrex","SELL",0.10259419,0.00557,"2017-09-04T19:59:59.137",
200767,"2017-09-04T20:00:03Z","BTC-LUN","bittrex","SELL",0.28038378,0.00206531,"2017-09-04T20:00:01.65",
133623,"2017-09-04T20:00:03Z","BTC-GBYTE","bittrex","SELL",0.24165087,0.082,"2017-09-04T20:00:01.407",
133623,"2017-09-04T20:00:03Z","BTC-GBYTE","bittrex","SELL",0.00853659,0.08200001,"2017-09-04T20:00:01.407",
133623,"2017-09-04T20:00:03Z","BTC-GBYTE","bittrex","SELL",0.00679653,0.08200002,"2017-09-04T20:00:00.923",
154158,"2017-09-04T20:00:03Z","BTC-MYST","bittrex","BUY",2.3295335,0.00026801,"2017-09-04T20:00:00.86",
214993,"2017-09-04T20:00:03Z","BTC-STORJ","bittrex","SELL",4.75767884,0.00015017,"2017-09-04T20:00:01.437",
353081,"2017-09-04T20:00:03Z","BTC-DASH","bittrex","BUY",0.13844,0.07432,"2017-09-04T19:59:59.84",
256901,"2017-09-04T20:00:03Z","BTC-CVC","bittrex","SELL",8.1666688,0.00008961,"2017-09-04T20:00:00.673",
157806,"2017-09-04T20:00:03Z","BTC-BNT","bittrex","BUY",2.14402698,0.00057336,"2017-09-04T20:00:01.14",
205789,"2017-09-04T20:00:03Z","ETH-PAY","bittrex","BUY",10.56525651,0.00966,"2017-09-04T20:00:01.297",
205789,"2017-09-04T20:00:03Z","ETH-PAY","bittrex","BUY",10.56525651,0.00966,"2017-09-04T20:00:01.08",
170583,"2017-09-04T20:00:03Z","BTC-ZEN","bittrex","SELL",0.48403279,0.00185726,"2017-09-04T20:00:02.243",
168121,"2017-09-04T20:00:03Z","BTC-XEL","bittrex","SELL",4.908416,0.00011045,"2017-09-04T20:00:01.47",
212944,"2017-09-04T20:00:03Z","BTC-UBQ","bittrex","BUY",12,0.00048793,"2017-09-04T20:00:00.197",
282143,"2017-09-04T20:00:03Z","BTC-RISE","bittrex","BUY",595.77371681,0.00008588,"2017-09-04T20:00:02.027",
282143,"2017-09-04T20:00:03Z","BTC-RISE","bittrex","BUY",29.18372788,0.00008588,"2017-09-04T20:00:01.603",
335523,"2017-09-04T20:00:03Z","BTC-NEO","bittrex","SELL",0.19604478,0.00555999,"2017-09-04T20:00:00.09",
335523,"2017-09-04T20:00:03Z","BTC-NEO","bittrex","SELL",41.57475421,0.00555999,"2017-09-04T19:59:59.84",
335523,"2017-09-04T20:00:03Z","BTC-NEO","bittrex","SELL",8.42524579,0.00556001,"2017-09-04T19:59:59.84",
335523,"2017-09-04T20:00:03Z","BTC-NEO","bittrex","BUY",0.47999407,0.00556828,"2017-09-04T19:59:59.683",
335523,"2017-09-04T20:00:03Z","BTC-NEO","bittrex","BUY",0.6959644,0.00556828,"2017-09-04T19:59:59.637",
335523,"2017-09-04T20:00:03Z","BTC-NEO","bittrex","BUY",5.30638248,0.00556828,"2017-09-04T19:59:59.573",
239830,"2017-09-04T20:00:03Z","BTC-GNT","bittrex","BUY",0.0005,0.0000743,"2017-09-04T20:00:00.877",
287200,"2017-09-04T20:00:03Z","BTC-PAY","bittrex","SELL",10.56525651,0.0006932,"2017-09-04T20:00:01.53",
287200,"2017-09-04T20:00:03Z","BTC-PAY","bittrex","SELL",10.56525651,0.0006932,"2017-09-04T20:00:01.33",
92153,"2017-09-04T20:00:04Z","BTC-QWARK","bittrex","SELL",95.34,0.00003562,"2017-09-04T20:00:00.37",
197232,"2017-09-04T20:00:04Z","ETH-BTS","bittrex","BUY",873.62319645,0.00039974,"2017-09-04T20:00:02.22",
192658,"2017-09-04T20:00:04Z","ETH-HMQ","bittrex","BUY",181.45094989,0.00036589,"2017-09-04T20:00:02.353",
353216,"2017-09-04T20:00:04Z","BTC-LTC","bittrex","BUY",1.83027523,0.01625,"2017-09-04T20:00:03.383",
322246,"2017-09-04T20:00:04Z","BTC-XRP","bittrex","BUY",100,0.0000484,"2017-09-04T20:00:00.963",
322246,"2017-09-04T20:00:04Z","BTC-XRP","bittrex","BUY",615.003,0.0000484,"2017-09-04T20:00:00.59",
279160,"2017-09-04T20:00:04Z","BTC-QTUM","bittrex","BUY",10,0.00276792,"2017-09-04T20:00:02.327",
205790,"2017-09-04T20:00:04Z","ETH-PAY","bittrex","BUY",46.00281371,0.00966,"2017-09-04T20:00:02.67",
212945,"2017-09-04T20:00:04Z","BTC-UBQ","bittrex","SELL",0.74084805,0.00048017,"2017-09-04T20:00:01.12",
212945,"2017-09-04T20:00:04Z","BTC-UBQ","bittrex","SELL",1.639037,0.00048793,"2017-09-04T20:00:01.12",
129233,"2017-09-04T20:00:04Z","BTC-ERC","bittrex","BUY",11.5,0.0001058,"2017-09-04T20:00:03.307",
129233,"2017-09-04T20:00:04Z","BTC-ERC","bittrex","BUY",306.89052768,0.00010578,"2017-09-04T20:00:03.307",
129233,"2017-09-04T20:00:04Z","BTC-ERC","bittrex","BUY",5.10716209,0.0001055,"2017-09-04T20:00:03.307",
129233,"2017-09-04T20:00:04Z","BTC-ERC","bittrex","BUY",13,0.00010531,"2017-09-04T20:00:03.307",
129233,"2017-09-04T20:00:04Z","BTC-ERC","bittrex","BUY",5.27329397,0.00010435,"2017-09-04T20:00:03.307",
129233,"2017-09-04T20:00:04Z","BTC-ERC","bittrex","BUY",6,0.00010432,"2017-09-04T20:00:03.307",
129233,"2017-09-04T20:00:04Z","BTC-ERC","bittrex","BUY",18,0.00010431,"2017-09-04T20:00:03.307",
129233,"2017-09-04T20:00:04Z","BTC-ERC","bittrex","BUY",13,0.00010431,"2017-09-04T20:00:03.307",
129233,"2017-09-04T20:00:04Z","BTC-ERC","bittrex","BUY",41,0.0001043,"2017-09-04T20:00:03.307",
129233,"2017-09-04T20:00:04Z","BTC-ERC","bittrex","BUY",9,0.00010425,"2017-09-04T20:00:03.307",
129233,"2017-09-04T20:00:04Z","BTC-ERC","bittrex","BUY",4.89623739,0.00010415,"2017-09-04T20:00:03.307",
129233,"2017-09-04T20:00:04Z","BTC-ERC","bittrex","BUY",6,0.00010331,"2017-09-04T20:00:03.307",
34559,"2017-09-04T20:00:04Z","BTC-DGB","bittrex","BUY",67852.09075342,0.00000437,"2017-09-04T20:00:02.98",
258514,"2017-09-04T20:00:06Z","BTC-WAVES","bittrex","BUY",6,0.0010884,"2017-09-04T20:00:03.383",
310262,"2017-09-04T20:00:06Z","BTC-STRAT","bittrex","SELL",10,0.001359,"2017-09-04T20:00:01.387",
55695,"2017-09-04T20:00:06Z","BTC-CANN","bittrex","BUY",5192.53725852,0.00000704,"2017-09-04T20:00:03.23",
353217,"2017-09-04T20:00:06Z","BTC-LTC","bittrex","SELL",0.63306176,0.01621101,"2017-09-04T20:00:04.213",
353217,"2017-09-04T20:00:06Z","BTC-LTC","bittrex","BUY",2.88803398,0.01625,"2017-09-04T20:00:03.837",
353217,"2017-09-04T20:00:06Z","BTC-LTC","bittrex","SELL",4.4391,0.01621101,"2017-09-04T20:00:03.603",
82720,"2017-09-04T20:00:06Z","BTC-RDD","bittrex","BUY",23540.489642,2.8e-7,"2017-09-04T20:00:04.87",
265058,"2017-09-04T20:00:06Z","USDT-BTC","bittrex","BUY",0.61457774,4222,"2017-09-04T20:00:04.123",
265058,"2017-09-04T20:00:06Z","USDT-BTC","bittrex","BUY",0.20113826,4221,"2017-09-04T20:00:04.123",
265058,"2017-09-04T20:00:06Z","USDT-BTC","bittrex","SELL",0.00056797,4218.00000001,"2017-09-04T20:00:03",
117462,"2017-09-04T20:00:06Z","BTC-ANT","bittrex","SELL",3.01021115,0.0005058,"2017-09-04T20:00:05.243",
117462,"2017-09-04T20:00:06Z","BTC-ANT","bittrex","BUY",635.2398272,0.0005058,"2017-09-04T20:00:04.12",
207823,"2017-09-04T20:00:06Z","BTC-DCR","bittrex","SELL",2.598592,0.00746957,"2017-09-04T20:00:04.513",
184882,"2017-09-04T20:00:06Z","BTC-BAT","bittrex","BUY",530,0.000048,"2017-09-04T20:00:04.18",
59705,"2017-09-04T20:00:06Z","BTC-GLD","bittrex","BUY",1,0.00002396,"2017-09-04T20:00:02.167",
182879,"2017-09-04T20:00:07Z","BTC-XVG","bittrex","BUY",50000,0.00000127,"2017-09-04T20:00:03.28",
178988,"2017-09-04T20:00:07Z","BTC-VRC","bittrex","BUY",13.26046844,0.00009364,"2017-09-04T20:00:04.06",
178936,"2017-09-04T20:00:07Z","BTC-STEEM","bittrex","SELL",43.14787458,0.00027832,"2017-09-04T20:00:04.823",
178936,"2017-09-04T20:00:07Z","BTC-STEEM","bittrex","BUY",39.03135866,0.00027825,"2017-09-04T20:00:04.697",
279161,"2017-09-04T20:00:07Z","BTC-QTUM","bittrex","BUY",290.04905636,0.002768,"2017-09-04T20:00:03.92",
279161,"2017-09-04T20:00:07Z","BTC-QTUM","bittrex","BUY",44.8202221,0.00276792,"2017-09-04T20:00:03.92",
287202,"2017-09-04T20:00:07Z","BTC-PAY","bittrex","SELL",36.67465744,0.00069289,"2017-09-04T20:00:02.843",
287202,"2017-09-04T20:00:07Z","BTC-PAY","bittrex","SELL",5,0.0006932,"2017-09-04T20:00:02.843",
287202,"2017-09-04T20:00:07Z","BTC-PAY","bittrex","SELL",4.32815627,0.0006932,"2017-09-04T20:00:02.843",
335525,"2017-09-04T20:00:07Z","BTC-NEO","bittrex","BUY",7.89679417,0.00556001,"2017-09-04T20:00:02.87",
335525,"2017-09-04T20:00:07Z","BTC-NEO","bittrex","BUY",20.01662889,0.00556001,"2017-09-04T20:00:02.667",
246276,"2017-09-04T20:00:07Z","BTC-MTL","bittrex","BUY",0.85481044,0.0023397,"2017-09-04T20:00:03.31",
363027,"2017-09-04T20:00:07Z","BTC-ETH","bittrex","BUY",30.19352615,0.0713004,"2017-09-04T20:00:05.057",
129234,"2017-09-04T20:00:07Z","BTC-ERC","bittrex","SELL",278.79351266,0.00010582,"2017-09-04T20:00:04.853",
222290,"2017-09-04T20:00:07Z","BTC-DGD","bittrex","BUY",0.37024385,0.01868919,"2017-09-04T20:00:04.777",
34560,"2017-09-04T20:00:07Z","BTC-DGB","bittrex","BUY",485.06461957,0.00000437,"2017-09-04T20:00:04.68",
112193,"2017-09-04T20:00:07Z","BTC-BURST","bittrex","SELL",15125.86790039,0.0000026,"2017-09-04T20:00:04.343",
157808,"2017-09-04T20:00:07Z","BTC-BNT","bittrex","SELL",30.32504893,0.00057336,"2017-09-04T20:00:04.81",
117463,"2017-09-04T20:00:07Z","BTC-ANT","bittrex","SELL",19.68125331,0.0005058,"2017-09-04T20:00:05.527",
94311,"2017-09-04T20:00:07Z","BTC-UNB","bittrex","BUY",22.77899002,0.00005363,"2017-09-04T20:00:04.29",
229541,"2017-09-04T20:00:07Z","BTC-GAME","bittrex","BUY",721.833,0.00040999,"2017-09-04T20:00:05.79",
256904,"2017-09-04T20:00:07Z","BTC-CVC","bittrex","BUY",2645.0000031,0.00009,"2017-09-04T20:00:05.67",
256904,"2017-09-04T20:00:07Z","BTC-CVC","bittrex","BUY",980.14313964,0.00009,"2017-09-04T20:00:05.67",
353693,"2017-09-04T20:00:07Z","BTC-BCC","bittrex","BUY",0.05587498,0.123835,"2017-09-04T20:00:05.077",
335526,"2017-09-04T20:00:07Z","BTC-NEO","bittrex","BUY",2.50649758,0.00556001,"2017-09-04T20:00:03.823",
335526,"2017-09-04T20:00:07Z","BTC-NEO","bittrex","BUY",8.70602454,0.00556001,"2017-09-04T20:00:03.807",
335526,"2017-09-04T20:00:07Z","BTC-NEO","bittrex","BUY",10,0.00556001,"2017-09-04T20:00:03.743",
258515,"2017-09-04T20:00:07Z","BTC-WAVES","bittrex","SELL",2,0.0010884,"2017-09-04T20:00:06.353",
287203,"2017-09-04T20:00:07Z","BTC-PAY","bittrex","BUY",178.98302084,0.00069501,"2017-09-04T20:00:05.31",
291878,"2017-09-04T20:00:07Z","BTC-NAV","bittrex","SELL",171.39175258,0.000291,"2017-09-04T20:00:06.057",
291878,"2017-09-04T20:00:07Z","BTC-NAV","bittrex","SELL",124.74926915,0.000291,"2017-09-04T20:00:06.057",
34561,"2017-09-04T20:00:07Z","BTC-DGB","bittrex","BUY",5500,0.00000437,"2017-09-04T20:00:05.9",
121000,"2017-09-04T20:00:07Z","BTC-FUN","bittrex","BUY",103.37365751,0.00000558,"2017-09-04T20:00:05.45",
353219,"2017-09-04T20:00:07Z","BTC-LTC","bittrex","BUY",4.16712846,0.01625,"2017-09-04T20:00:05.9",
192650,"2017-09-04T20:00:07Z","ETH-QTUM","bittrex","BUY",0.3996455,0.0391523,"2017-09-04T20:00:05.343",
265059,"2017-09-04T20:00:07Z","USDT-BTC","bittrex","SELL",0.00041108,4218.00000001,"2017-09-04T20:00:05.203",
265059,"2017-09-04T20:00:07Z","USDT-BTC","bittrex","SELL",0.02959645,4218.00000001,"2017-09-04T20:00:05.17",
38663,"2017-09-04T20:00:08Z","BTC-ABY","bittrex","BUY",2139.7041318,0.00000167,"2017-09-04T20:00:04.947",
104453,"2017-09-04T20:00:08Z","BTC-PTC","bittrex","SELL",10144.22730993,0.00000582,"2017-09-04T20:00:06.593",
322249,"2017-09-04T20:00:08Z","BTC-XRP","bittrex","SELL",200,0.0000483,"2017-09-04T20:00:04.947",
178938,"2017-09-04T20:00:08Z","BTC-STEEM","bittrex","SELL",10.78696864,0.00027832,"2017-09-04T20:00:06.73",
239833,"2017-09-04T20:00:08Z","BTC-GNT","bittrex","BUY",0.0005,0.0000742,"2017-09-04T20:00:06.233",
287716,"2017-09-04T20:00:08Z","USDT-ETH","bittrex","BUY",1,301.5,"2017-09-04T20:00:07.54",
335527,"2017-09-04T20:00:08Z","BTC-NEO","bittrex","BUY",27.80358111,0.00555999,"2017-09-04T20:00:05.59",
335527,"2017-09-04T20:00:08Z","BTC-NEO","bittrex","SELL",1.46917482,0.00555999,"2017-09-04T20:00:05.137",
335527,"2017-09-04T20:00:08Z","BTC-NEO","bittrex","SELL",10,0.00555999,"2017-09-04T20:00:05.137",
335527,"2017-09-04T20:00:08Z","BTC-NEO","bittrex","SELL",106.21878893,0.00555999,"2017-09-04T20:00:05.137",
335527,"2017-09-04T20:00:08Z","BTC-NEO","bittrex","SELL",8.38503134,0.00556,"2017-09-04T20:00:05.137",
335527,"2017-09-04T20:00:08Z","BTC-NEO","bittrex","BUY",0.5,0.00556001,"2017-09-04T20:00:05.01",
162005,"2017-09-04T20:00:08Z","BTC-KORE","bittrex","BUY",39.14631959,0.00071876,"2017-09-04T20:00:05.15",
162005,"2017-09-04T20:00:08Z","BTC-KORE","bittrex","BUY",13.57478268,0.00071876,"2017-09-04T20:00:05.15",
162005,"2017-09-04T20:00:08Z","BTC-KORE","bittrex","BUY",11.81414729,0.00071876,"2017-09-04T20:00:05.15",
310263,"2017-09-04T20:00:08Z","BTC-STRAT","bittrex","BUY",100,0.00135965,"2017-09-04T20:00:05.243",
310263,"2017-09-04T20:00:08Z","BTC-STRAT","bittrex","BUY",133.81651648,0.00135965,"2017-09-04T20:00:05.243",
173710,"2017-09-04T20:00:08Z","BTC-BLOCK","bittrex","SELL",0.41567752,0.00557,"2017-09-04T20:00:05.54",
353220,"2017-09-04T20:00:08Z","BTC-LTC","bittrex","SELL",1.5,0.01621101,"2017-09-04T20:00:07.4",
353220,"2017-09-04T20:00:08Z","BTC-LTC","bittrex","BUY",6.591837,0.01625,"2017-09-04T20:00:07.34",
184883,"2017-09-04T20:00:08Z","BTC-BAT","bittrex","BUY",197.11951612,0.000048,"2017-09-04T20:00:07.557",
194809,"2017-09-04T20:00:09Z","ETH-ANT","bittrex","BUY",1.94099818,0.00705028,"2017-09-04T20:00:07.573",
186944,"2017-09-04T20:00:09Z","ETH-NEO","bittrex","SELL",3.92193448,0.07819999,"2017-09-04T20:00:06.78",
337664,"2017-09-04T20:00:09Z","BTC-OMG","bittrex","BUY",33.23507807,0.00212866,"2017-09-04T20:00:07.093",
335528,"2017-09-04T20:00:09Z","BTC-NEO","bittrex","BUY",1.96194347,0.00556,"2017-09-04T20:00:06.48",
335528,"2017-09-04T20:00:09Z","BTC-NEO","bittrex","BUY",2.4504402,0.00556,"2017-09-04T20:00:06.417",
335528,"2017-09-04T20:00:09Z","BTC-NEO","bittrex","BUY",3.27621304,0.00556,"2017-09-04T20:00:06.09",
335528,"2017-09-04T20:00:09Z","BTC-NEO","bittrex","BUY",6.88446705,0.00555999,"2017-09-04T20:00:06.073",
363030,"2017-09-04T20:00:09Z","BTC-ETH","bittrex","SELL",1.51410057,0.07110115,"2017-09-04T20:00:08.603",
258516,"2017-09-04T20:00:10Z","BTC-WAVES","bittrex","SELL",7,0.00108771,"2017-09-04T20:00:08.323",
265061,"2017-09-04T20:00:10Z","USDT-BTC","bittrex","SELL",0.00028984,4218,"2017-09-04T20:00:07.903",
265061,"2017-09-04T20:00:10Z","USDT-BTC","bittrex","BUY",0.075179,4222,"2017-09-04T20:00:07.81",
265061,"2017-09-04T20:00:10Z","USDT-BTC","bittrex","SELL",0.00076814,4218.00000001,"2017-09-04T20:00:07.357",
173711,"2017-09-04T20:00:10Z","BTC-BLOCK","bittrex","SELL",4.86621597,0.00557,"2017-09-04T20:00:05.743",
353221,"2017-09-04T20:00:10Z","BTC-LTC","bittrex","BUY",10.07661033,0.01625,"2017-09-04T20:00:07.697",
117465,"2017-09-04T20:00:10Z","BTC-ANT","bittrex","SELL",1.94099818,0.0005058,"2017-09-04T20:00:07.73",
192269,"2017-09-04T20:00:11Z","USDT-NEO","bittrex","SELL",16.94708828,23.43600001,"2017-09-04T20:00:08.807",
74357,"2017-09-04T20:00:11Z","BTC-DMD","bittrex","BUY",1.05,0.00137219,"2017-09-04T20:00:06.76",
74357,"2017-09-04T20:00:11Z","BTC-DMD","bittrex","BUY",60,0.00137218,"2017-09-04T20:00:06.76",
282147,"2017-09-04T20:00:11Z","BTC-RISE","bittrex","BUY",140.56679893,0.00008588,"2017-09-04T20:00:09.68",
104455,"2017-09-04T20:00:11Z","BTC-PTC","bittrex","BUY",2467.21417807,0.00000582,"2017-09-04T20:00:08.357",
222294,"2017-09-04T20:00:11Z","BTC-DGD","bittrex","BUY",0.11497911,0.01868919,"2017-09-04T20:00:09.23",
353088,"2017-09-04T20:00:11Z","BTC-DASH","bittrex","BUY",0.19534692,0.07432,"2017-09-04T20:00:07.65",
335529,"2017-09-04T20:00:11Z","BTC-NEO","bittrex","SELL",0.30618138,0.00555549,"2017-09-04T20:00:07.51",
335529,"2017-09-04T20:00:11Z","BTC-NEO","bittrex","BUY",8.38310194,0.00556001,"2017-09-04T20:00:07.387",
335529,"2017-09-04T20:00:11Z","BTC-NEO","bittrex","BUY",3.48196453,0.00556001,"2017-09-04T20:00:06.79",
335529,"2017-09-04T20:00:11Z","BTC-NEO","bittrex","BUY",5.45620844,0.00556,"2017-09-04T20:00:06.79",
335529,"2017-09-04T20:00:11Z","BTC-NEO","bittrex","BUY",37.5878171,0.00556,"2017-09-04T20:00:06.73",
353696,"2017-09-04T20:00:11Z","BTC-BCC","bittrex","BUY",0.1,0.123835,"2017-09-04T20:00:08.857",
287206,"2017-09-04T20:00:11Z","BTC-PAY","bittrex","SELL",1.6,0.00069288,"2017-09-04T20:00:08.187",
287206,"2017-09-04T20:00:11Z","BTC-PAY","bittrex","SELL",96.32534256,0.00069289,"2017-09-04T20:00:08.06",
346454,"2017-09-04T20:00:12Z","BTC-XMR","bittrex","BUY",1,0.02546,"2017-09-04T20:00:08.027",
54314,"2017-09-04T20:00:12Z","BTC-SAFEX","bittrex","SELL",1000,0.0000024,"2017-09-04T20:00:09.84",
237568,"2017-09-04T20:00:12Z","ETH-OMG","bittrex","BUY",2.81835911,0.0298,"2017-09-04T20:00:09.2",
212950,"2017-09-04T20:00:12Z","BTC-UBQ","bittrex","BUY",102.21543632,0.00048794,"2017-09-04T20:00:07.98",
152721,"2017-09-04T20:00:12Z","BTC-ZEC","bittrex","BUY",0.193,0.05220018,"2017-09-04T20:00:08.323",
152721,"2017-09-04T20:00:12Z","BTC-ZEC","bittrex","BUY",0.19723843,0.05220018,"2017-09-04T20:00:08.323",
363032,"2017-09-04T20:00:12Z","BTC-ETH","bittrex","SELL",0.1,0.07130037,"2017-09-04T20:00:10.823",
335530,"2017-09-04T20:00:12Z","BTC-NEO","bittrex","SELL",12.82838603,0.00555549,"2017-09-04T20:00:08.84",
335530,"2017-09-04T20:00:12Z","BTC-NEO","bittrex","SELL",3.0342194,0.00555999,"2017-09-04T20:00:08.84",
335530,"2017-09-04T20:00:12Z","BTC-NEO","bittrex","SELL",0.17140468,0.00555999,"2017-09-04T20:00:08.65",
154164,"2017-09-04T20:00:12Z","BTC-MYST","bittrex","SELL",26.2915318,0.00026801,"2017-09-04T20:00:09.67",
286382,"2017-09-04T20:00:12Z","BTC-LSK","bittrex","BUY",57.48545973,0.00141,"2017-09-04T20:00:10.23",
239836,"2017-09-04T20:00:12Z","BTC-GNT","bittrex","BUY",0.0005,0.0000742,"2017-09-04T20:00:10.403",
287207,"2017-09-04T20:00:12Z","BTC-PAY","bittrex","BUY",157.05108689,0.00069289,"2017-09-04T20:00:09.64",
292275,"2017-09-04T20:00:12Z","BTC-MCO","bittrex","SELL",0.46715557,0.00225299,"2017-09-04T20:00:10.06",
229543,"2017-09-04T20:00:13Z","BTC-GAME","bittrex","SELL",9,0.000408,"2017-09-04T20:00:11.09",
151726,"2017-09-04T20:00:13Z","BTC-OK","bittrex","BUY",198.20760138,0.00003537,"2017-09-04T20:00:11.667",
151726,"2017-09-04T20:00:13Z","BTC-OK","bittrex","BUY",2000,0.00003537,"2017-09-04T20:00:11.667",
151726,"2017-09-04T20:00:13Z","BTC-OK","bittrex","BUY",3378.7857574,0.00003537,"2017-09-04T20:00:11.667",
151726,"2017-09-04T20:00:13Z","BTC-OK","bittrex","BUY",500,0.00003536,"2017-09-04T20:00:11.667",
82722,"2017-09-04T20:00:13Z","BTC-RDD","bittrex","BUY",8959.4025,2.8e-7,"2017-09-04T20:00:11.65",
54315,"2017-09-04T20:00:13Z","BTC-SAFEX","bittrex","BUY",285.77777778,0.00000243,"2017-09-04T20:00:10.497",
157812,"2017-09-04T20:00:13Z","BTC-BNT","bittrex","SELL",9.69159595,0.00057336,"2017-09-04T20:00:10.14",
287208,"2017-09-04T20:00:13Z","BTC-PAY","bittrex","BUY",43.4070375,0.0006932,"2017-09-04T20:00:10.933",
287208,"2017-09-04T20:00:13Z","BTC-PAY","bittrex","BUY",167.07215245,0.00069289,"2017-09-04T20:00:10.933",
335531,"2017-09-04T20:00:13Z","BTC-NEO","bittrex","BUY",1.92917768,0.00556001,"2017-09-04T20:00:09.167",
178535,"2017-09-04T20:00:14Z","BTC-KMD","bittrex","SELL",100.82500393,0.000546,"2017-09-04T20:00:09.76",
178535,"2017-09-04T20:00:14Z","BTC-KMD","bittrex","SELL",67.26691545,0.00054709,"2017-09-04T20:00:09.76",
178535,"2017-09-04T20:00:14Z","BTC-KMD","bittrex","SELL",38.58953344,0.00054709,"2017-09-04T20:00:09.76",
186947,"2017-09-04T20:00:14Z","ETH-NEO","bittrex","SELL",45.87987048,0.07819999,"2017-09-04T20:00:11.013",
244071,"2017-09-04T20:00:14Z","BTC-BTS","bittrex","SELL",3621.40845,0.0000284,"2017-09-04T20:00:10.84",
279168,"2017-09-04T20:00:14Z","BTC-QTUM","bittrex","BUY",6.55969379,0.00276998,"2017-09-04T20:00:11.45",
194992,"2017-09-04T20:00:14Z","BTC-LBC","bittrex","SELL",5000,0.00007101,"2017-09-04T20:00:12.98",
222296,"2017-09-04T20:00:14Z","BTC-DGD","bittrex","SELL",0.22532444,0.01833301,"2017-09-04T20:00:12.137",
310268,"2017-09-04T20:00:14Z","BTC-STRAT","bittrex","SELL",10,0.00135965,"2017-09-04T20:00:10.603",
265064,"2017-09-04T20:00:14Z","USDT-BTC","bittrex","BUY",0.031185,4222,"2017-09-04T20:00:11.28",
353699,"2017-09-04T20:00:14Z","BTC-BCC","bittrex","SELL",0.00313798,0.12356286,"2017-09-04T20:00:11.637",
353699,"2017-09-04T20:00:14Z","BTC-BCC","bittrex","SELL",0.00418931,0.12356288,"2017-09-04T20:00:11.637",
292276,"2017-09-04T20:00:14Z","BTC-MCO","bittrex","BUY",0.85431048,0.00225679,"2017-09-04T20:00:11.62",
286384,"2017-09-04T20:00:14Z","BTC-LSK","bittrex","SELL",4.83637547,0.0014088,"2017-09-04T20:00:12.527",
192271,"2017-09-04T20:00:16Z","USDT-NEO","bittrex","SELL",77.32080752,23.43600001,"2017-09-04T20:00:13.823",
192271,"2017-09-04T20:00:16Z","USDT-NEO","bittrex","BUY",0.04266939,23.49,"2017-09-04T20:00:12.76",
353092,"2017-09-04T20:00:16Z","BTC-DASH","bittrex","SELL",0.05845898,0.07432,"2017-09-04T20:00:12.92",
95807,"2017-09-04T20:00:16Z","BTC-SYNX","bittrex","BUY",431.12699054,0.00003489,"2017-09-04T20:00:10.993",
233740,"2017-09-04T20:00:16Z","BTC-XEM","bittrex","SELL",7.8538627,0.00006479,"2017-09-04T20:00:10.73",
129238,"2017-09-04T20:00:16Z","BTC-ERC","bittrex","BUY",471.31922132,0.00010574,"2017-09-04T20:00:14.65",
77827,"2017-09-04T20:00:16Z","BTC-ADT","bittrex","SELL",459.52,0.00000937,"2017-09-04T20:00:13.027",
168124,"2017-09-04T20:00:16Z","BTC-XEL","bittrex","BUY",354.35044558,0.00011098,"2017-09-04T20:00:14.777",
168124,"2017-09-04T20:00:16Z","BTC-XEL","bittrex","BUY",18,0.00011097,"2017-09-04T20:00:14.777",
133630,"2017-09-04T20:00:16Z","BTC-GBYTE","bittrex","SELL",1,0.08200002,"2017-09-04T20:00:13.933",
97290,"2017-09-04T20:00:16Z","BTC-APX","bittrex","BUY",0.46490185,0.00191934,"2017-09-04T20:00:13.76",
229544,"2017-09-04T20:00:16Z","BTC-GAME","bittrex","SELL",6.05553555,0.00040999,"2017-09-04T20:00:15.277",
229544,"2017-09-04T20:00:16Z","BTC-GAME","bittrex","BUY",258.52685051,0.00041,"2017-09-04T20:00:13.387",
229544,"2017-09-04T20:00:16Z","BTC-GAME","bittrex","BUY",314.31829812,0.00041,"2017-09-04T20:00:13.387",
244072,"2017-09-04T20:00:16Z","BTC-BTS","bittrex","SELL",18.13417348,0.0000284,"2017-09-04T20:00:11.917",
279169,"2017-09-04T20:00:16Z","BTC-QTUM","bittrex","BUY",7.14964015,0.00276998,"2017-09-04T20:00:13.17",
279169,"2017-09-04T20:00:16Z","BTC-QTUM","bittrex","BUY",18.95071435,0.00276998,"2017-09-04T20:00:13.17",
353226,"2017-09-04T20:00:16Z","BTC-LTC","bittrex","SELL",3.11671527,0.01625,"2017-09-04T20:00:14.307",
353226,"2017-09-04T20:00:16Z","BTC-LTC","bittrex","SELL",6.8066744,0.01625,"2017-09-04T20:00:13.823",
170593,"2017-09-04T20:00:16Z","BTC-ZEN","bittrex","BUY",0.3554268,0.00194988,"2017-09-04T20:00:13.51",
350228,"2017-09-04T20:34:46Z","BTC-XMR","bittrex","BUY",0.5,0.02548,"2017-09-04T20:34:42.54",
289836,"2017-09-04T20:34:46Z","USDT-ETH","bittrex","SELL",1.607341,298,"2017-09-04T20:34:44.577",
366440,"2017-09-04T20:34:47Z","BTC-ETH","bittrex","BUY",0.007,0.07125001,"2017-09-04T20:34:45.873",
350229,"2017-09-04T20:34:49Z","BTC-XMR","bittrex","BUY",4.557521,0.02548,"2017-09-04T20:34:45.697",
366445,"2017-09-04T20:34:52Z","BTC-ETH","bittrex","BUY",0.81721091,0.0713,"2017-09-04T20:34:51.483",
366445,"2017-09-04T20:34:52Z","BTC-ETH","bittrex","BUY",0.27347526,0.07125001,"2017-09-04T20:34:51.483",
345001,"2017-09-04T20:34:53Z","BTC-ETC","bittrex","SELL",1.36088103,0.00396956,"2017-09-04T20:34:50.243",
345001,"2017-09-04T20:34:53Z","BTC-ETC","bittrex","SELL",3.00233904,0.00396956,"2017-09-04T20:34:50.243",
356563,"2017-09-04T20:34:55Z","BTC-LTC","bittrex","SELL",2.77412049,0.01621603,"2017-09-04T20:34:53.297",
356563,"2017-09-04T20:34:55Z","BTC-LTC","bittrex","BUY",0.903037,0.01621604,"2017-09-04T20:34:52.763",
267671,"2017-09-04T20:34:56Z","USDT-BTC","bittrex","BUY",1.19401663,4178.722,"2017-09-04T20:34:53.017",
267671,"2017-09-04T20:34:56Z","USDT-BTC","bittrex","BUY",0.01007937,4178.712,"2017-09-04T20:34:53.017",
267672,"2017-09-04T20:34:57Z","USDT-BTC","bittrex","SELL",0.5,4165.70000001,"2017-09-04T20:34:54.19",
356565,"2017-09-04T20:34:57Z","BTC-LTC","bittrex","BUY",0.998,0.01621604,"2017-09-04T20:34:55.14",
356565,"2017-09-04T20:34:57Z","BTC-LTC","bittrex","BUY",0.094963,0.01621604,"2017-09-04T20:34:55.14",
356565,"2017-09-04T20:34:57Z","BTC-LTC","bittrex","SELL",2.77412049,0.01621603,"2017-09-04T20:34:54.903",
198694,"2017-09-04T20:34:58Z","ETH-XMR","bittrex","BUY",3e-8,0.357,"2017-09-04T20:34:55.377",
267673,"2017-09-04T20:34:58Z","USDT-BTC","bittrex","BUY",0.01133191,4178.722,"2017-09-04T20:34:55.203",
366450,"2017-09-04T20:34:58Z","BTC-ETH","bittrex","BUY",0.11290658,0.0713,"2017-09-04T20:34:56.86",
267674,"2017-09-04T20:34:59Z","USDT-BTC","bittrex","SELL",0.0561348,4178.712,"2017-09-04T20:34:57.143",
267674,"2017-09-04T20:34:59Z","USDT-BTC","bittrex","BUY",0.013,4178.722,"2017-09-04T20:34:57.08",
267674,"2017-09-04T20:34:59Z","USDT-BTC","bittrex","BUY",0.08293603,4178.722,"2017-09-04T20:34:56.737",
366452,"2017-09-04T20:35:00Z","BTC-ETH","bittrex","SELL",0.97647544,0.07102514,"2017-09-04T20:34:58.5",
366452,"2017-09-04T20:35:00Z","BTC-ETH","bittrex","SELL",0.9975,0.07102514,"2017-09-04T20:34:58.5",
366452,"2017-09-04T20:35:00Z","BTC-ETH","bittrex","SELL",0.2722018,0.07102514,"2017-09-04T20:34:58.5",
289843,"2017-09-04T20:35:01Z","USDT-ETH","bittrex","SELL",1.8e-7,298,"2017-09-04T20:34:59.86",
325254,"2017-09-04T20:35:01Z","BTC-XRP","bittrex","BUY",859.249575,0.00004835,"2017-09-04T20:34:57.993",
267677,"2017-09-04T20:35:02Z","USDT-BTC","bittrex","BUY",0.026,4178.722,"2017-09-04T20:34:59.14",
356571,"2017-09-04T20:35:03Z","BTC-LTC","bittrex","SELL",0.23172179,0.01621603,"2017-09-04T20:35:01.657",
267678,"2017-09-04T20:35:03Z","USDT-BTC","bittrex","BUY",0.254396,4178.722,"2017-09-04T20:35:00.97",
325256,"2017-09-04T20:35:03Z","BTC-XRP","bittrex","SELL",3000,0.00004835,"2017-09-04T20:35:00.133",
325256,"2017-09-04T20:35:03Z","BTC-XRP","bittrex","BUY",100,0.00004835,"2017-09-04T20:35:00.073",
325256,"2017-09-04T20:35:03Z","BTC-XRP","bittrex","BUY",899.42012492,0.00004835,"2017-09-04T20:35:00.073",
267680,"2017-09-04T20:35:05Z","USDT-BTC","bittrex","BUY",0.01321038,4178.722,"2017-09-04T20:35:02.157",
267680,"2017-09-04T20:35:05Z","USDT-BTC","bittrex","BUY",0.26539362,4178.722,"2017-09-04T20:35:02.157",
350236,"2017-09-04T20:35:06Z","BTC-XMR","bittrex","BUY",2.3489011,0.02548,"2017-09-04T20:35:03.37",
261532,"2017-09-04T20:35:11Z","BTC-WAVES","bittrex","BUY",10.35875253,0.00109311,"2017-09-04T20:35:09.92",
366462,"2017-09-04T20:35:11Z","BTC-ETH","bittrex","BUY",0.03555558,0.07129999,"2017-09-04T20:35:09.013",
350240,"2017-09-04T20:35:12Z","BTC-XMR","bittrex","BUY",3,0.02548,"2017-09-04T20:35:08.387",
345018,"2017-09-04T20:35:12Z","BTC-ETC","bittrex","SELL",0.02184285,0.00396951,"2017-09-04T20:35:08.323",
345018,"2017-09-04T20:35:12Z","BTC-ETC","bittrex","SELL",8.73714169,0.00396956,"2017-09-04T20:35:08.323",
366465,"2017-09-04T20:35:14Z","BTC-ETH","bittrex","BUY",0.12264657,0.07129999,"2017-09-04T20:35:12.64",
356583,"2017-09-04T20:35:17Z","BTC-LTC","bittrex","BUY",0.61667336,0.01621604,"2017-09-04T20:35:14.42",
267687,"2017-09-04T20:35:17Z","USDT-BTC","bittrex","SELL",0.10247431,4178.712,"2017-09-04T20:35:14.03",
366468,"2017-09-04T20:35:18Z","BTC-ETH","bittrex","BUY",0.46595642,0.07129999,"2017-09-04T20:35:16.343",
356145,"2017-09-04T20:35:18Z","BTC-DASH","bittrex","SELL",0.05,0.0746308,"2017-09-04T20:35:15.387",
261536,"2017-09-04T20:35:19Z","BTC-WAVES","bittrex","SELL",33.36457941,0.00109372,"2017-09-04T20:35:17.36",
259556,"2017-09-04T20:35:19Z","USDT-LTC","bittrex","BUY",37.250489,68.2,"2017-09-04T20:35:16.98",
325270,"2017-09-04T20:35:22Z","BTC-XRP","bittrex","BUY",54.48689051,0.00004836,"2017-09-04T20:35:17.463",
235683,"2017-09-04T20:35:22Z","BTC-XEM","bittrex","BUY",162.7660383,0.00006501,"2017-09-04T20:35:19.23",
366475,"2017-09-04T20:35:24Z","BTC-ETH","bittrex","SELL",0.03292734,0.07102514,"2017-09-04T20:35:23.53",
366475,"2017-09-04T20:35:24Z","BTC-ETH","bittrex","SELL",0.70221614,0.07102514,"2017-09-04T20:35:23.53",
366475,"2017-09-04T20:35:24Z","BTC-ETH","bittrex","SELL",0.02102456,0.07102514,"2017-09-04T20:35:23.53",
366475,"2017-09-04T20:35:24Z","BTC-ETH","bittrex","BUY",0.54792811,0.07129999,"2017-09-04T20:35:22.657",
338643,"2017-09-04T20:35:26Z","ETH-DASH","bittrex","SELL",0.12481755,1.04991002,"2017-09-04T20:35:22.573",
338643,"2017-09-04T20:35:26Z","ETH-DASH","bittrex","SELL",0.04250924,1.04991003,"2017-09-04T20:35:22.573",
289863,"2017-09-04T20:35:28Z","USDT-ETH","bittrex","BUY",9.762975,298.1,"2017-09-04T20:35:27.017",
289863,"2017-09-04T20:35:28Z","USDT-ETH","bittrex","BUY",7.44336701,298.1,"2017-09-04T20:35:25.89",
289863,"2017-09-04T20:35:28Z","USDT-ETH","bittrex","BUY",6.31499319,298.09999999,"2017-09-04T20:35:25.89",
289863,"2017-09-04T20:35:28Z","USDT-ETH","bittrex","BUY",10,298,"2017-09-04T20:35:25.89",
289863,"2017-09-04T20:35:28Z","USDT-ETH","bittrex","BUY",0.9950158,298,"2017-09-04T20:35:25.89",
356593,"2017-09-04T20:35:28Z","BTC-LTC","bittrex","BUY",0.12333467,0.01621604,"2017-09-04T20:35:26.22",
356594,"2017-09-04T20:35:29Z","BTC-LTC","bittrex","BUY",0.62688025,0.01621604,"2017-09-04T20:35:27.703",
356594,"2017-09-04T20:35:29Z","BTC-LTC","bittrex","BUY",0.25799197,0.01621604,"2017-09-04T20:35:27.703",
325277,"2017-09-04T20:35:30Z","BTC-XRP","bittrex","SELL",1278.61266576,0.00004835,"2017-09-04T20:35:26.153",
356596,"2017-09-04T20:35:31Z","BTC-LTC","bittrex","BUY",0.89989587,0.01627418,"2017-09-04T20:35:29",
267699,"2017-09-04T20:35:32Z","USDT-BTC","bittrex","BUY",0.068222,4185,"2017-09-04T20:35:30.01",
267699,"2017-09-04T20:35:32Z","USDT-BTC","bittrex","BUY",0.002206,4178.722,"2017-09-04T20:35:30.01",
366483,"2017-09-04T20:35:33Z","BTC-ETH","bittrex","BUY",0.3318375,0.0713,"2017-09-04T20:35:32.11",
345035,"2017-09-04T20:35:34Z","BTC-ETC","bittrex","SELL",1.17815715,0.00396951,"2017-09-04T20:35:31.23",
267701,"2017-09-04T20:35:34Z","USDT-BTC","bittrex","SELL",0.18011444,4178.71200001,"2017-09-04T20:35:31.26",
356602,"2017-09-04T20:35:39Z","BTC-LTC","bittrex","SELL",8,0.01621605,"2017-09-04T20:35:36.937",
366489,"2017-09-04T20:35:40Z","BTC-ETH","bittrex","SELL",0.94514901,0.07102514,"2017-09-04T20:35:38.733",
366489,"2017-09-04T20:35:40Z","BTC-ETH","bittrex","SELL",0.96457266,0.07102514,"2017-09-04T20:35:38.733",
261553,"2017-09-04T20:35:40Z","BTC-WAVES","bittrex","SELL",222,0.00109372,"2017-09-04T20:35:38.453",
356604,"2017-09-04T20:35:40Z","BTC-LTC","bittrex","BUY",0.30432127,0.01627418,"2017-09-04T20:35:39.313",
261554,"2017-09-04T20:35:41Z","BTC-WAVES","bittrex","SELL",287.92070966,0.00109372,"2017-09-04T20:35:40.517",
289874,"2017-09-04T20:35:41Z","USDT-ETH","bittrex","BUY",0.00906981,298.1,"2017-09-04T20:35:39.593",
261555,"2017-09-04T20:35:43Z","BTC-WAVES","bittrex","SELL",71.96402,0.00109372,"2017-09-04T20:35:41.25",
366493,"2017-09-04T20:35:44Z","BTC-ETH","bittrex","SELL",0.21063559,0.07102102,"2017-09-04T20:35:42.78",
366493,"2017-09-04T20:35:44Z","BTC-ETH","bittrex","SELL",0.98204856,0.07102102,"2017-09-04T20:35:42.203",
366493,"2017-09-04T20:35:44Z","BTC-ETH","bittrex","SELL",0.00881045,0.07102514,"2017-09-04T20:35:42.203",
366493,"2017-09-04T20:35:44Z","BTC-ETH","bittrex","SELL",0.08,0.07102514,"2017-09-04T20:35:42.203",
366493,"2017-09-04T20:35:44Z","BTC-ETH","bittrex","SELL",0.05235099,0.07102514,"2017-09-04T20:35:42.203",
356608,"2017-09-04T20:35:45Z","BTC-LTC","bittrex","BUY",0.46190347,0.01627418,"2017-09-04T20:35:43.72",
366494,"2017-09-04T20:35:45Z","BTC-ETH","bittrex","SELL",0.33978309,0.0713,"2017-09-04T20:35:43.593",
366494,"2017-09-04T20:35:45Z","BTC-ETH","bittrex","BUY",0.70804501,0.0713,"2017-09-04T20:35:43",
366494,"2017-09-04T20:35:45Z","BTC-ETH","bittrex","BUY",0.35080181,0.07102102,"2017-09-04T20:35:43",
366495,"2017-09-04T20:35:46Z","BTC-ETH","bittrex","SELL",0.00039728,0.0713,"2017-09-04T20:35:44.063",